{"epoch": 84, "average_loss": 25.519472788492838, "learning_rate": 0.0001, "ro": 30.0, "tqdm_value": "Epoch 84/100, Average Loss: 25.51947, LR: 0.0001:  83%|\u2588\u2588\u2588\u2588\u2588\u2588\u2588\u2588\u258e | 83/100 [30:09<06:12, 21.92s/it]", "num_items": 60000, "_timestamp": 1718108663.6657724, "_runtime": 1826.5317153930664, "_step": 83}