{"epoch": 100, "average_loss": 20.108227275594075, "learning_rate": 0.0001, "ro": 20.0, "tqdm_value": "Epoch 100/100, Average Loss: 20.10823, LR: 0.0001:  99%|\u2588\u2588\u2588\u2588\u2588\u2588\u2588\u2588\u2588\u2589| 99/100 [36:09<00:21, 21.53s/it]", "num_items": 60000, "_timestamp": 1718101050.4480572, "_runtime": 2195.3427381515503, "_step": 100, "sample_images": {"_type": "images/separated", "width": 242, "height": 242, "format": "png", "count": 1, "filenames": ["media/images/sample_images_100_2800f37e5fb5457d6afb.png"], "captions": ["Epoch 100"]}, "_wandb": {"runtime": 2194}}