{"epoch": 100, "average_loss": 19.0173157043457, "learning_rate": 0.0001, "ro": 30.0, "tqdm_value": "Epoch 100/100, Average Loss: 19.01732, LR: 0.0001:  99%|\u2588\u2588\u2588\u2588\u2588\u2588\u2588\u2588\u2588\u2589| 99/100 [36:13<00:21, 21.60s/it]", "num_items": 60000, "_timestamp": 1718104240.4191487, "_runtime": 2199.5816156864166, "_step": 100, "sample_images": {"_type": "images/separated", "width": 242, "height": 242, "format": "png", "count": 1, "filenames": ["media/images/sample_images_100_002d6a1a36f3e29b2569.png"], "captions": ["Epoch 100"]}, "_wandb": {"runtime": 2198}}