{"epoch": 100, "average_loss": 18.993264969889324, "learning_rate": 0.0001, "ro": 30.0, "tqdm_value": "Epoch 100/100, Average Loss: 18.99326, LR: 0.0001:  99%|\u2588\u2588\u2588\u2588\u2588\u2588\u2588\u2588\u2588\u2589| 99/100 [37:12<00:22, 22.12s/it]", "num_items": 60000, "_timestamp": 1719218622.0932908, "_runtime": 2263.171408891678, "_step": 100, "sample_images": {"_type": "images/separated", "width": 242, "height": 242, "format": "png", "count": 1, "filenames": ["media/images/sample_images_100_f8925f8517babcd148f5.png"], "captions": ["Epoch 100"]}, "_wandb": {"runtime": 2262}}