{"epoch": 100, "average_loss": 19.959239149983723, "learning_rate": 0.0001, "ro": 25.0, "tqdm_value": "Epoch 100/100, Average Loss: 19.95924, LR: 0.0001:  99%|\u2588\u2588\u2588\u2588\u2588\u2588\u2588\u2588\u2588\u2589| 99/100 [36:44<00:22, 22.13s/it]", "num_items": 60000, "_timestamp": 1718096924.6111288, "_runtime": 2228.7936549186707, "_step": 100, "sample_images": {"_type": "images/separated", "width": 242, "height": 242, "format": "png", "count": 1, "filenames": ["media/images/sample_images_100_38baf2307f458b156afc.png"], "captions": ["Epoch 100"]}, "_wandb": {"runtime": 2227}}